2026-10-09T10:31:38Z	available_mb=13261	swap_used_mb=0	qiskit:2:target test_QASMBench_medium[factor247_n15-all-to-all] 721	qiskit:2:target test_QASMBench_medium[bwt_n21-square] 483	qiskit:2:target test_QASMBench_medium[multiplier_n15-heavy-hex] 227	qiskit:2:target test_QASMBench_medium[sat_n11-heavy-hex] 163
2026-10-09T10:32:08Z	available_mb=12109	swap_used_mb=0	qiskit:2:target test_QASMBench_medium[factor247_n15-all-to-all] 1022	qiskit:2:target test_QASMBench_medium[bwt_n21-square] 605	qiskit:2:target test_QASMBench_medium[bwt_n21-linear] 534	qiskit:2:target test_QASMBench_large[cc_n151-all-to-all] 724
2026-10-09T10:32:38Z	available_mb=12785	swap_used_mb=0	qiskit:2:target test_QASMBench_medium[bwt_n21-square] 700	qiskit:2:target test_QASMBench_medium[bwt_n21-linear] 698	qiskit:2:target test_QASMBench_large[square_root_n45-square] 342	qiskit:2:target test_QASMBench_large[multiplier_n400-square] 560
2026-10-09T10:33:08Z	available_mb=12483	swap_used_mb=0	qiskit:2:target test_QASMBench_medium[bwt_n21-linear] 1532	qiskit:2:target test_QASMBench_large[multiplier_n400-square] 571	qiskit:2:target test_QASMBench_large[multiplier_n75-linear] 270	qiskit:2:target test_QASMBench_large[cc_n64-linear] 133
2026-10-09T10:33:38Z	available_mb=13436	swap_used_mb=0	qiskit:2:target test_QASMBench_large[multiplier_n400-square] 685	qiskit:2:target test_hamiltonians[ham_graph-2D-grid-pbc-qubitnodes_Lx-4_L 405	qiskit:2:target test_hamiltonians[ham_ham_JW24-square] 266	qiskit:2:target test_hamiltonians[ham_tsp_rand-002_Ncity-4_enc-stdbinary- 180
2026-10-09T10:34:08Z	available_mb=13395	swap_used_mb=0	qiskit:2:target test_QASMBench_large[multiplier_n400-square] 708	qiskit:2:target test_hamiltonians[ham_ham_JW24-square] 459	qiskit:2:target test_hamiltonians[ham_enc_unary_dvalues_4-4-4-heavy-hex] 280	qiskit:2:target test_hamiltonians[ham_graph-2D-grid-nonpbc-qubitnodes_Lx- 269
2026-10-09T10:34:38Z	available_mb=13525	swap_used_mb=0	qiskit:2:target test_QASMBench_large[multiplier_n400-square] 679	qiskit:2:target test_hamiltonians[ham_graph-2D-triag-pbc-qubitnodes_Lx-19 276	qiskit:2:target test_hamlib_hamiltonians_transpile[ham_ham_JW-8] 234	qiskit:2:target test_hamlib_hamiltonians_transpile[ham_queen13_13,n-28,ri 225
2026-10-09T10:35:08Z	available_mb=13793	swap_used_mb=0	tket:2 test_QASMBench_small[vqe_uccsd_n6-all-to-all] 317	psf:recommended test_QASMBench_small[vqe_uccsd_n6-all-to-all] 238	qiskit:1:target test_QASMBench_small[hs4_n4-all-to-all] 237	qiskit:3:target test_QASMBench_small[hs4_n4-all-to-all] 144
2026-10-09T10:35:38Z	available_mb=13995	swap_used_mb=0	tket:2 test_QASMBench_small[vqe_uccsd_n8-square] 319	psf:default test_QASMBench_small[vqe_uccsd_n8-square] 294	psf:recommended test_QASMBench_small[vqe_uccsd_n8-square] 296	qiskit:1:target test_QASMBench_small[sat_n7-square] 206
2026-10-09T10:36:08Z	available_mb=13993	swap_used_mb=0	tket:2 test_QASMBench_small[vqe_uccsd_n8-square] 319	tket:2 test_QASMBench_small[linearsolver_n3-square] 322	psf:default test_QASMBench_small[linearsolver_n3-square] 216	psf:recommended test_QASMBench_small[linearsolver_n3-square] 184
2026-10-09T10:36:38Z	available_mb=14219	swap_used_mb=0	tket:2 test_QASMBench_small[hs4_n4-heavy-hex] 229	psf:default test_QASMBench_small[hs4_n4-heavy-hex] 217	psf:recommended test_QASMBench_small[hs4_n4-heavy-hex] 181	qiskit:1:target test_QASMBench_small[vqe_n4-heavy-hex] 130
2026-10-09T10:37:08Z	available_mb=14065	swap_used_mb=0	tket:2 test_QASMBench_small[basis_trotter_n4-linear] 324	tket:2 test_QASMBench_small[qft_n4-linear] 319	qiskit:1:target test_QASMBench_medium[ising_n26-all-to-all] 137	qiskit:3:target test_QASMBench_medium[ising_n26-all-to-all] 40
2026-10-09T10:37:38Z	available_mb=12417	swap_used_mb=0	tket:2 test_QASMBench_medium[square_root_n18-all-to-all] 0	qiskit:1:target test_QASMBench_medium[factor247_n15-all-to-all] 1042	qiskit:3:target test_QASMBench_medium[factor247_n15-all-to-all] 1140	tket:2 test_QASMBench_medium[factor247_n15-all-to-all] 554
2026-10-09T10:38:08Z	available_mb=11867	swap_used_mb=0	qiskit:3:target test_QASMBench_medium[factor247_n15-all-to-all] 617	tket:2 test_QASMBench_medium[factor247_n15-all-to-all] 1134	psf:default test_QASMBench_medium[factor247_n15-all-to-all] 923	psf:recommended test_QASMBench_medium[factor247_n15-all-to-all] 540
2026-10-09T10:38:38Z	available_mb=11164	swap_used_mb=0	tket:2 test_QASMBench_medium[factor247_n15-all-to-all] 1134	psf:default test_QASMBench_medium[factor247_n15-all-to-all] 1292	psf:recommended test_QASMBench_medium[factor247_n15-all-to-all] 1171	tket:2 test_QASMBench_medium[square_root_n18-square] 317
2026-10-09T10:39:08Z	available_mb=12304	swap_used_mb=0	tket:2 test_QASMBench_medium[factor247_n15-all-to-all] 1134	psf:recommended test_QASMBench_medium[factor247_n15-all-to-all] 917	qiskit:1:target test_QASMBench_medium[bwt_n21-square] 524	qiskit:3:target test_QASMBench_medium[bwt_n21-square] 163
2026-10-09T10:39:38Z	available_mb=12263	swap_used_mb=0	tket:2 test_QASMBench_medium[factor247_n15-all-to-all] 1134	qiskit:3:target test_QASMBench_medium[bwt_n21-square] 772	tket:2 test_QASMBench_medium[bwt_n21-square] 996	psf:default test_QASMBench_medium[bwt_n21-square] 224
2026-10-09T10:40:08Z	available_mb=11619	swap_used_mb=0	tket:2 test_QASMBench_medium[factor247_n15-all-to-all] 1134	qiskit:3:target test_QASMBench_medium[bwt_n21-square] 630	tket:2 test_QASMBench_medium[bwt_n21-square] 1037	psf:default test_QASMBench_medium[bwt_n21-square] 837
2026-10-09T10:40:38Z	available_mb=10895	swap_used_mb=0	tket:2 test_QASMBench_medium[factor247_n15-all-to-all] 1134	qiskit:3:target test_QASMBench_medium[bwt_n21-square] 975	tket:2 test_QASMBench_medium[bwt_n21-square] 1296	psf:default test_QASMBench_medium[bwt_n21-square] 939
2026-10-09T10:41:08Z	available_mb=11661	swap_used_mb=0	tket:2 test_QASMBench_medium[factor247_n15-all-to-all] 1134	tket:2 test_QASMBench_medium[bwt_n21-square] 1297	psf:recommended test_QASMBench_medium[bwt_n21-square] 1062	tket:2 test_QASMBench_medium[qec9xz_n17-square] 181
2026-10-09T10:41:38Z	available_mb=11652	swap_used_mb=0	tket:2 test_QASMBench_medium[factor247_n15-all-to-all] 1134	tket:2 test_QASMBench_medium[bwt_n21-square] 1297	psf:recommended test_QASMBench_medium[bwt_n21-square] 938	tket:2 test_QASMBench_medium[qft_n18-square] 125
2026-10-09T10:42:08Z	available_mb=12420	swap_used_mb=0	tket:2 test_QASMBench_medium[factor247_n15-all-to-all] 1134	tket:2 test_QASMBench_medium[bwt_n21-square] 1297	qiskit:3:target test_QASMBench_medium[multiplier_n15-heavy-hex] 224	tket:2 test_QASMBench_medium[multiplier_n15-heavy-hex] 196
2026-10-09T10:42:38Z	available_mb=12167	swap_used_mb=0	tket:2 test_QASMBench_medium[factor247_n15-all-to-all] 1134	tket:2 test_QASMBench_medium[bwt_n21-square] 1297	tket:2 test_QASMBench_medium[seca_n11-heavy-hex] 322	psf:recommended test_QASMBench_medium[seca_n11-heavy-hex] 224
2026-10-09T10:43:08Z	available_mb=11629	swap_used_mb=0	tket:2 test_QASMBench_medium[factor247_n15-all-to-all] 1134	tket:2 test_QASMBench_medium[bwt_n21-square] 1297	qiskit:1:target test_QASMBench_medium[bwt_n21-linear] 692	qiskit:3:target test_QASMBench_medium[bwt_n21-linear] 533
2026-10-09T10:43:38Z	available_mb=10749	swap_used_mb=0	tket:2 test_QASMBench_medium[factor247_n15-all-to-all] 1134	tket:2 test_QASMBench_medium[bwt_n21-square] 1297	qiskit:1:target test_QASMBench_medium[bwt_n21-linear] 819	qiskit:3:target test_QASMBench_medium[bwt_n21-linear] 1328
2026-10-09T10:44:08Z	available_mb=11241	swap_used_mb=0	tket:2 test_QASMBench_medium[factor247_n15-all-to-all] 1134	tket:2 test_QASMBench_medium[bwt_n21-square] 1297	qiskit:3:target test_QASMBench_medium[bwt_n21-linear] 690	tket:2 test_QASMBench_medium[bwt_n21-linear] 997
2026-10-09T10:44:38Z	available_mb=10039	swap_used_mb=0	tket:2 test_QASMBench_medium[factor247_n15-all-to-all] 1134	tket:2 test_QASMBench_medium[bwt_n21-square] 1297	qiskit:3:target test_QASMBench_medium[bwt_n21-linear] 1859	tket:2 test_QASMBench_medium[bwt_n21-linear] 1049
2026-10-09T10:45:08Z	available_mb=9538	swap_used_mb=0	tket:2 test_QASMBench_medium[factor247_n15-all-to-all] 1134	tket:2 test_QASMBench_medium[bwt_n21-square] 1297	qiskit:3:target test_QASMBench_medium[bwt_n21-linear] 2109	tket:2 test_QASMBench_medium[bwt_n21-linear] 1297
2026-10-09T10:45:38Z	available_mb=10858	swap_used_mb=0	tket:2 test_QASMBench_medium[factor247_n15-all-to-all] 1134	tket:2 test_QASMBench_medium[bwt_n21-square] 1297	tket:2 test_QASMBench_medium[bwt_n21-linear] 1267	psf:default test_QASMBench_medium[bwt_n21-linear] 832
2026-10-09T10:46:08Z	available_mb=10797	swap_used_mb=0	tket:2 test_QASMBench_medium[factor247_n15-all-to-all] 1134	tket:2 test_QASMBench_medium[bwt_n21-square] 1297	tket:2 test_QASMBench_medium[bwt_n21-linear] 1267	psf:default test_QASMBench_medium[bwt_n21-linear] 912
2026-10-09T10:46:38Z	available_mb=10911	swap_used_mb=0	tket:2 test_QASMBench_medium[bwt_n21-square] 1297	tket:2 test_QASMBench_medium[bwt_n21-linear] 1267	psf:default test_QASMBench_medium[bwt_n21-linear] 1604	psf:recommended test_QASMBench_medium[bwt_n21-linear] 174
2026-10-09T10:47:08Z	available_mb=10967	swap_used_mb=0	tket:2 test_QASMBench_medium[bwt_n21-square] 1299	tket:2 test_QASMBench_medium[bwt_n21-linear] 1268	psf:recommended test_QASMBench_medium[bwt_n21-linear] 1469	qiskit:3:target test_QASMBench_medium[qft_n18-linear] 238
2026-10-09T10:47:38Z	available_mb=10757	swap_used_mb=0	tket:2 test_QASMBench_medium[bwt_n21-square] 1299	tket:2 test_QASMBench_medium[bwt_n21-linear] 1268	psf:recommended test_QASMBench_medium[bwt_n21-linear] 1630	psf:recommended test_QASMBench_medium[bv_n14-linear] 183
2026-10-09T10:48:08Z	available_mb=12516	swap_used_mb=0	tket:2 test_QASMBench_medium[bwt_n21-square] 1299	tket:2 test_QASMBench_medium[bwt_n21-linear] 1268	qiskit:3:target test_QASMBench_large[cat_n35-all-to-all] 161	tket:2 test_QASMBench_large[cat_n35-all-to-all] 94
2026-10-09T10:48:38Z	available_mb=12531	swap_used_mb=0	tket:2 test_QASMBench_medium[bwt_n21-square] 1299	tket:2 test_QASMBench_medium[bwt_n21-linear] 1268	qiskit:1:target test_QASMBench_large[32-all-to-all] 177	qiskit:3:target test_QASMBench_large[32-all-to-all] 14
2026-10-09T10:49:08Z	available_mb=12245	swap_used_mb=0	tket:2 test_QASMBench_medium[bwt_n21-square] 1299	tket:2 test_QASMBench_medium[bwt_n21-linear] 1268	tket:2 test_QASMBench_large[32-all-to-all] 321	qiskit:3:target test_QASMBench_large[adder_n28-all-to-all] 219
2026-10-09T10:49:38Z	available_mb=11854	swap_used_mb=0	tket:2 test_QASMBench_medium[bwt_n21-square] 1299	tket:2 test_QASMBench_medium[bwt_n21-linear] 1268	qiskit:3:target test_QASMBench_large[square_root_n45-square] 490	tket:2 test_QASMBench_large[square_root_n45-square] 507
2026-10-09T10:50:08Z	available_mb=11740	swap_used_mb=0	tket:2 test_QASMBench_medium[bwt_n21-square] 1299	tket:2 test_QASMBench_medium[bwt_n21-linear] 1268	tket:2 test_QASMBench_large[square_root_n45-square] 634	psf:default test_QASMBench_large[square_root_n45-square] 382
2026-10-09T10:50:38Z	available_mb=11790	swap_used_mb=0	tket:2 test_QASMBench_medium[bwt_n21-square] 1299	tket:2 test_QASMBench_medium[bwt_n21-linear] 1268	tket:2 test_QASMBench_large[square_root_n45-square] 555	psf:recommended test_QASMBench_large[square_root_n45-square] 508
2026-10-09T10:51:08Z	available_mb=11266	swap_used_mb=0	tket:2 test_QASMBench_medium[bwt_n21-square] 1299	tket:2 test_QASMBench_medium[bwt_n21-linear] 1268	tket:2 test_QASMBench_large[square_root_n45-square] 626	qiskit:1:target test_QASMBench_large[multiplier_n400-square] 994
2026-10-09T10:51:38Z	available_mb=11580	swap_used_mb=0	tket:2 test_QASMBench_medium[bwt_n21-square] 1299	tket:2 test_QASMBench_medium[bwt_n21-linear] 1268	tket:2 test_QASMBench_large[square_root_n45-square] 554	qiskit:1:target test_QASMBench_large[multiplier_n400-square] 730
2026-10-09T10:52:08Z	available_mb=11769	swap_used_mb=0	tket:2 test_QASMBench_medium[bwt_n21-square] 1299	tket:2 test_QASMBench_medium[bwt_n21-linear] 1268	tket:2 test_QASMBench_large[square_root_n45-square] 554	qiskit:3:target test_QASMBench_large[multiplier_n400-square] 570
2026-10-09T10:52:38Z	available_mb=11541	swap_used_mb=0	tket:2 test_QASMBench_medium[bwt_n21-square] 1299	tket:2 test_QASMBench_medium[bwt_n21-linear] 1268	tket:2 test_QASMBench_large[square_root_n45-square] 554	qiskit:3:target test_QASMBench_large[multiplier_n400-square] 764
2026-10-09T10:53:08Z	available_mb=11511	swap_used_mb=0	tket:2 test_QASMBench_medium[bwt_n21-square] 1395	tket:2 test_QASMBench_medium[bwt_n21-linear] 1268	tket:2 test_QASMBench_large[square_root_n45-square] 554	qiskit:3:target test_QASMBench_large[multiplier_n400-square] 679
2026-10-09T10:53:38Z	available_mb=11506	swap_used_mb=0	tket:2 test_QASMBench_medium[bwt_n21-square] 1395	tket:2 test_QASMBench_medium[bwt_n21-linear] 1268	tket:2 test_QASMBench_large[square_root_n45-square] 554	qiskit:3:target test_QASMBench_large[multiplier_n400-square] 691
2026-10-09T10:54:08Z	available_mb=10627	swap_used_mb=0	tket:2 test_QASMBench_medium[bwt_n21-square] 1395	tket:2 test_QASMBench_medium[bwt_n21-linear] 1268	tket:2 test_QASMBench_large[square_root_n45-square] 554	qiskit:3:target test_QASMBench_large[multiplier_n400-square] 1538
2026-10-09T10:54:38Z	available_mb=12595	swap_used_mb=0	tket:2 test_QASMBench_medium[bwt_n21-linear] 1270	tket:2 test_QASMBench_large[square_root_n45-square] 554	tket:2 test_QASMBench_large[multiplier_n400-square] 829	psf:default test_QASMBench_large[multiplier_n400-square] 175
2026-10-09T10:55:08Z	available_mb=11599	swap_used_mb=0	tket:2 test_QASMBench_medium[bwt_n21-linear] 1270	tket:2 test_QASMBench_large[square_root_n45-square] 554	tket:2 test_QASMBench_large[multiplier_n400-square] 995	psf:default test_QASMBench_large[multiplier_n400-square] 985
2026-10-09T10:55:38Z	available_mb=11037	swap_used_mb=0	tket:2 test_QASMBench_medium[bwt_n21-linear] 1270	tket:2 test_QASMBench_large[square_root_n45-square] 554	tket:2 test_QASMBench_large[multiplier_n400-square] 1268	psf:default test_QASMBench_large[multiplier_n400-square] 1168
2026-10-09T10:56:08Z	available_mb=11018	swap_used_mb=0	tket:2 test_QASMBench_medium[bwt_n21-linear] 1270	tket:2 test_QASMBench_large[square_root_n45-square] 554	tket:2 test_QASMBench_large[multiplier_n400-square] 1274	psf:default test_QASMBench_large[multiplier_n400-square] 1289
2026-10-09T10:56:38Z	available_mb=10935	swap_used_mb=0	tket:2 test_QASMBench_medium[bwt_n21-linear] 1270	tket:2 test_QASMBench_large[square_root_n45-square] 554	tket:2 test_QASMBench_large[multiplier_n400-square] 1274	psf:default test_QASMBench_large[multiplier_n400-square] 1301
2026-10-09T10:57:08Z	available_mb=11175	swap_used_mb=0	tket:2 test_QASMBench_medium[bwt_n21-linear] 1270	tket:2 test_QASMBench_large[square_root_n45-square] 554	tket:2 test_QASMBench_large[multiplier_n400-square] 1274	psf:default test_QASMBench_large[multiplier_n400-square] 1112
2026-10-09T10:57:38Z	available_mb=11876	swap_used_mb=0	tket:2 test_QASMBench_medium[bwt_n21-linear] 1360	tket:2 test_QASMBench_large[square_root_n45-square] 0	tket:2 test_QASMBench_large[multiplier_n400-square] 1274	psf:recommended test_QASMBench_large[multiplier_n400-square] 799
2026-10-09T10:58:08Z	available_mb=11745	swap_used_mb=0	tket:2 test_QASMBench_medium[bwt_n21-linear] 1360	tket:2 test_QASMBench_large[multiplier_n400-square] 1011	psf:recommended test_QASMBench_large[multiplier_n400-square] 834	qiskit:3:target test_QASMBench_large[bv_n280-square] 227
2026-10-09T10:58:38Z	available_mb=11881	swap_used_mb=0	tket:2 test_QASMBench_medium[bwt_n21-linear] 1370	tket:2 test_QASMBench_large[multiplier_n400-square] 1011	psf:recommended test_QASMBench_large[multiplier_n400-square] 849	qiskit:3:target test_QASMBench_large[bv_n280-square] 238
2026-10-09T10:59:08Z	available_mb=11263	swap_used_mb=0	tket:2 test_QASMBench_medium[bwt_n21-linear] 1384	tket:2 test_QASMBench_large[multiplier_n400-square] 1011	psf:recommended test_QASMBench_large[multiplier_n400-square] 1295	tket:2 test_QASMBench_large[bv_n280-square] 334
2026-10-09T10:59:38Z	available_mb=11408	swap_used_mb=0	tket:2 test_QASMBench_medium[bwt_n21-linear] 1397	tket:2 test_QASMBench_large[multiplier_n400-square] 1015	psf:recommended test_QASMBench_large[multiplier_n400-square] 1110	qiskit:3:target test_QASMBench_large[bv_n140-square] 222
2026-10-09T11:00:08Z	available_mb=12408	swap_used_mb=0	tket:2 test_QASMBench_medium[bwt_n21-linear] 1411	tket:2 test_QASMBench_large[multiplier_n400-square] 1018	tket:2 test_QASMBench_large[wstate_n118-heavy-hex] 319	psf:recommended test_QASMBench_large[wstate_n118-heavy-hex] 148
2026-10-09T11:00:38Z	available_mb=12229	swap_used_mb=0	tket:2 test_QASMBench_medium[bwt_n21-linear] 1423	tket:2 test_QASMBench_large[multiplier_n400-square] 1036	qiskit:3:target test_QASMBench_large[swap_test_n361-heavy-hex] 247	tket:2 test_QASMBench_large[swap_test_n361-heavy-hex] 320
2026-10-09T11:01:08Z	available_mb=12528	swap_used_mb=0	tket:2 test_QASMBench_medium[bwt_n21-linear] 1436	tket:2 test_QASMBench_large[multiplier_n400-square] 1046	tket:2 test_QASMBench_large[swap_test_n361-heavy-hex] 322	tket:2 test_QASMBench_large[bv_n280-heavy-hex] 130
2026-10-09T11:01:38Z	available_mb=13077	swap_used_mb=0	tket:2 test_QASMBench_large[multiplier_n400-square] 1085	qiskit:3:target test_QASMBench_large[multiplier_n75-linear] 318	tket:2 test_QASMBench_large[multiplier_n75-linear] 319	psf:default test_QASMBench_large[multiplier_n75-linear] 326
2026-10-09T11:02:08Z	available_mb=13375	swap_used_mb=0	tket:2 test_QASMBench_large[multiplier_n400-square] 1087	tket:2 test_QASMBench_large[multiplier_n75-linear] 320	tket:2 test_QASMBench_large[cc_n64-linear] 405	psf:recommended test_QASMBench_large[cc_n64-linear] 78
2026-10-09T11:02:38Z	available_mb=13258	swap_used_mb=0	tket:2 test_QASMBench_large[multiplier_n400-square] 1087	tket:2 test_QASMBench_large[multiplier_n75-linear] 320	tket:2 test_QASMBench_large[ising_n34-linear] 322	qiskit:1:target test_QASMBench_large[adder_n118-linear] 168
2026-10-09T11:03:08Z	available_mb=13110	swap_used_mb=0	tket:2 test_QASMBench_large[multiplier_n400-square] 1212	tket:2 test_QASMBench_large[adder_n118-linear] 337	tket:2 test_hamiltonians[ham_bh_graph-1D-grid-nonpbc-qubitnodes_ 337	qiskit:3:target test_hamiltonians[ham_will199gpia,n-60,rinst-8-all-to-all 224
2026-10-09T11:03:38Z	available_mb=13054	swap_used_mb=0	tket:2 test_QASMBench_large[multiplier_n400-square] 1279	tket:2 test_hamiltonians[ham_will199gpia,n-60,rinst-8-all-to-all 389	tket:2 test_hamiltonians[ham_ham_parity10-all-to-all] 317	psf:default test_hamiltonians[ham_ham_parity10-all-to-all] 267
2026-10-09T11:04:08Z	available_mb=13019	swap_used_mb=0	tket:2 test_QASMBench_large[multiplier_n400-square] 1349	tket:2 test_hamiltonians[ham_ham_parity10-all-to-all] 342	tket:2 test_hamiltonians[ham_ham_BK-14-all-to-all] 372	psf:recommended test_hamiltonians[ham_ham_BK-14-all-to-all] 275
2026-10-09T11:04:38Z	available_mb=12827	swap_used_mb=0	tket:2 test_QASMBench_large[multiplier_n400-square] 1424	tket:2 test_hamiltonians[ham_ham_BK-14-all-to-all] 372	qiskit:3:target test_hamiltonians[ham_graph-2D-grid-pbc-qubitnodes_Lx-4_L 622	tket:2 test_hamiltonians[ham_graph-2D-grid-pbc-qubitnodes_Lx-4_L 194
2026-10-09T11:05:08Z	available_mb=11856	swap_used_mb=0	tket:2 test_QASMBench_large[multiplier_n400-square] 1643	tket:2 test_hamiltonians[ham_ham_BK-14-all-to-all] 372	tket:2 test_hamiltonians[ham_graph-2D-grid-pbc-qubitnodes_Lx-4_L 1015	psf:default test_hamiltonians[ham_graph-2D-grid-pbc-qubitnodes_Lx-4_L 543
2026-10-09T11:05:38Z	available_mb=11432	swap_used_mb=0	tket:2 test_QASMBench_large[multiplier_n400-square] 1721	tket:2 test_hamiltonians[ham_ham_BK-14-all-to-all] 372	tket:2 test_hamiltonians[ham_graph-2D-grid-pbc-qubitnodes_Lx-4_L 1320	psf:recommended test_hamiltonians[ham_graph-2D-grid-pbc-qubitnodes_Lx-4_L 547
2026-10-09T11:06:08Z	available_mb=11648	swap_used_mb=0	tket:2 test_QASMBench_large[multiplier_n400-square] 1796	tket:2 test_hamiltonians[ham_ham_BK-14-all-to-all] 372	tket:2 test_hamiltonians[ham_graph-2D-grid-pbc-qubitnodes_Lx-4_L 1184	tket:2 test_hamiltonians[ham_bh_graph-3D-grid-nonpbc-qubitnodes_ 334
2026-10-09T11:06:38Z	available_mb=11570	swap_used_mb=0	tket:2 test_QASMBench_large[multiplier_n400-square] 1868	tket:2 test_hamiltonians[ham_ham_BK-14-all-to-all] 372	tket:2 test_hamiltonians[ham_graph-2D-grid-pbc-qubitnodes_Lx-4_L 1329	tket:2 test_hamiltonians[ham_bh_graph-3D-grid-nonpbc-qubitnodes_ 338
2026-10-09T11:07:08Z	available_mb=12363	swap_used_mb=0	tket:2 test_QASMBench_large[multiplier_n400-square] 1938	tket:2 test_hamiltonians[ham_ham_BK-14-all-to-all] 372	tket:2 test_hamiltonians[ham_ham_parity-4-square] 321	psf:recommended test_hamiltonians[ham_ham_parity-4-square] 225
2026-10-09T11:07:38Z	available_mb=12358	swap_used_mb=0	tket:2 test_QASMBench_large[multiplier_n400-square] 1995	tket:2 test_hamiltonians[ham_ham_JW10-square] 316	tket:2 test_hamiltonians[ham_bh_graph-3D-grid-nonpbc-qubitnodes_ 330	psf:recommended test_hamiltonians[ham_bh_graph-3D-grid-nonpbc-qubitnodes_ 222
2026-10-09T11:08:08Z	available_mb=12218	swap_used_mb=0	tket:2 test_QASMBench_large[multiplier_n400-square] 2055	tket:2 test_hamiltonians[ham_ham_JW10-square] 348	tket:2 test_hamiltonians[ham_bh_graph-3D-grid-nonpbc-qubitnodes_ 334	qiskit:1:target test_hamiltonians[ham_ham_JW24-square] 492
2026-10-09T11:08:38Z	available_mb=11398	swap_used_mb=0	tket:2 test_QASMBench_large[multiplier_n400-square] 1790	qiskit:3:target test_hamiltonians[ham_ham_JW24-square] 514	tket:2 test_hamiltonians[ham_ham_JW24-square] 1094	psf:default test_hamiltonians[ham_ham_JW24-square] 443
2026-10-09T11:09:08Z	available_mb=11466	swap_used_mb=0	tket:2 test_QASMBench_large[multiplier_n400-square] 1790	qiskit:3:target test_hamiltonians[ham_ham_JW24-square] 332	tket:2 test_hamiltonians[ham_ham_JW24-square] 1109	psf:default test_hamiltonians[ham_ham_JW24-square] 505
2026-10-09T11:09:38Z	available_mb=11439	swap_used_mb=0	tket:2 test_QASMBench_large[multiplier_n400-square] 1790	tket:2 test_hamiltonians[ham_ham_JW24-square] 1099	psf:recommended test_hamiltonians[ham_ham_JW24-square] 646	tket:2 test_hamiltonians[ham_tsp_rand-002_Ncity-4_enc-stdbinary- 323
2026-10-09T11:10:08Z	available_mb=11535	swap_used_mb=0	tket:2 test_QASMBench_large[multiplier_n400-square] 1790	tket:2 test_hamiltonians[ham_ham_JW24-square] 1099	psf:recommended test_hamiltonians[ham_ham_JW24-square] 498	qiskit:3:target test_hamiltonians[ham_graph-2D-triag-nonpbc-qubitnodes_Lx 341
2026-10-09T11:10:38Z	available_mb=11585	swap_used_mb=0	tket:2 test_QASMBench_large[multiplier_n400-square] 1790	tket:2 test_hamiltonians[ham_ham_JW24-square] 1103	qiskit:3:target test_hamiltonians[ham_graph-2D-triag-nonpbc-qubitnodes_Lx 356	tket:2 test_hamiltonians[ham_graph-2D-triag-nonpbc-qubitnodes_Lx 576
2026-10-09T11:11:08Z	available_mb=12192	swap_used_mb=0	tket:2 test_QASMBench_large[multiplier_n400-square] 1229	tket:2 test_hamiltonians[ham_ham_JW24-square] 1109	qiskit:3:target test_hamiltonians[ham_graph-2D-triag-nonpbc-qubitnodes_Lx 355	tket:2 test_hamiltonians[ham_graph-2D-triag-nonpbc-qubitnodes_Lx 576
2026-10-09T11:11:38Z	available_mb=12118	swap_used_mb=0	tket:2 test_QASMBench_large[multiplier_n400-square] 1229	tket:2 test_hamiltonians[ham_ham_JW24-square] 1109	tket:2 test_hamiltonians[ham_graph-2D-triag-nonpbc-qubitnodes_Lx 576	psf:recommended test_hamiltonians[ham_graph-2D-triag-nonpbc-qubitnodes_Lx 379
2026-10-09T11:12:08Z	available_mb=12237	swap_used_mb=0	tket:2 test_QASMBench_large[multiplier_n400-square] 1229	tket:2 test_hamiltonians[ham_ham_JW24-square] 1109	tket:2 test_hamiltonians[ham_graph-2D-triag-nonpbc-qubitnodes_Lx 576	tket:2 test_hamiltonians[ham_ham_parity-14-heavy-hex] 335
2026-10-09T11:12:38Z	available_mb=12453	swap_used_mb=0	tket:2 test_QASMBench_large[multiplier_n400-square] 1229	tket:2 test_hamiltonians[ham_ham_JW24-square] 1123	tket:2 test_hamiltonians[ham_ham_parity-14-heavy-hex] 335	psf:default test_hamiltonians[ham_ham_parity-14-heavy-hex] 279
2026-10-09T11:13:08Z	available_mb=12515	swap_used_mb=0	tket:2 test_QASMBench_large[multiplier_n400-square] 1229	tket:2 test_hamiltonians[ham_ham_JW24-square] 1123	tket:2 test_hamiltonians[ham_ham_parity-14-heavy-hex] 335	qiskit:1:target test_hamiltonians[ham_enc_unary_dvalues_4-4-4-heavy-hex] 293
2026-10-09T11:13:38Z	available_mb=12619	swap_used_mb=0	tket:2 test_QASMBench_large[multiplier_n400-square] 1009	tket:2 test_hamiltonians[ham_ham_JW24-square] 1123	qiskit:3:target test_hamiltonians[ham_enc_unary_dvalues_4-4-4-heavy-hex] 326	tket:2 test_hamiltonians[ham_enc_unary_dvalues_4-4-4-heavy-hex] 392
2026-10-09T11:14:08Z	available_mb=12668	swap_used_mb=0	tket:2 test_QASMBench_large[multiplier_n400-square] 1009	tket:2 test_hamiltonians[ham_ham_JW24-square] 1093	tket:2 test_hamiltonians[ham_enc_unary_dvalues_4-4-4-heavy-hex] 393	psf:recommended test_hamiltonians[ham_enc_unary_dvalues_4-4-4-heavy-hex] 289
2026-10-09T11:14:38Z	available_mb=12644	swap_used_mb=0	tket:2 test_QASMBench_large[multiplier_n400-square] 1009	tket:2 test_hamiltonians[ham_ham_JW24-square] 1093	tket:2 test_hamiltonians[ham_enc_unary_dvalues_4-4-4-heavy-hex] 393	qiskit:3:target test_hamiltonians[ham_graph-2D-grid-nonpbc-qubitnodes_Lx- 240
2026-10-09T11:15:08Z	available_mb=12689	swap_used_mb=0	tket:2 test_QASMBench_large[multiplier_n400-square] 1009	tket:2 test_hamiltonians[ham_ham_JW24-square] 1093	tket:2 test_hamiltonians[ham_enc_unary_dvalues_4-4-4-heavy-hex] 393	tket:2 test_hamiltonians[ham_graph-2D-grid-nonpbc-qubitnodes_Lx- 361
2026-10-09T11:15:38Z	available_mb=12648	swap_used_mb=0	tket:2 test_QASMBench_large[multiplier_n400-square] 1009	tket:2 test_hamiltonians[ham_ham_JW24-square] 1121	tket:2 test_hamiltonians[ham_enc_unary_dvalues_4-4-4-heavy-hex] 393	qiskit:3:target test_hamiltonians[ham_mu_x_prime_enc_unary_dvalues_4-4-4- 195
2026-10-09T11:16:08Z	available_mb=12651	swap_used_mb=0	tket:2 test_QASMBench_large[multiplier_n400-square] 1009	tket:2 test_hamiltonians[ham_ham_JW24-square] 1121	tket:2 test_hamiltonians[ham_enc_unary_dvalues_4-4-4-heavy-hex] 393	qiskit:3:target test_hamiltonians[ham_ham_parity12-heavy-hex] 271
2026-10-09T11:16:38Z	available_mb=12642	swap_used_mb=0	tket:2 test_QASMBench_large[multiplier_n400-square] 1009	tket:2 test_hamiltonians[ham_ham_JW24-square] 1121	tket:2 test_hamiltonians[ham_ham_parity12-heavy-hex] 337	psf:recommended test_hamiltonians[ham_ham_parity12-heavy-hex] 299
2026-10-09T11:17:08Z	available_mb=12643	swap_used_mb=0	tket:2 test_QASMBench_large[multiplier_n400-square] 1009	tket:2 test_hamiltonians[ham_ham_JW24-square] 1121	tket:2 test_hamiltonians[ham_ham_parity12-heavy-hex] 337	tket:2 test_hamiltonians[ham_fh-graph-1D-grid-pbc-qubitnodes_Lx- 336
2026-10-09T11:17:38Z	available_mb=12739	swap_used_mb=0	tket:2 test_QASMBench_large[multiplier_n400-square] 1009	tket:2 test_hamiltonians[ham_ham_JW24-square] 1121	tket:2 test_hamiltonians[ham_ham_parity12-heavy-hex] 337	tket:2 test_hamiltonians[ham_fh-graph-1D-grid-pbc-qubitnodes_Lx- 336
2026-10-09T11:18:08Z	available_mb=14018	swap_used_mb=0	tket:2 test_hamiltonians[ham_fh-graph-1D-grid-pbc-qubitnodes_Lx- 337	tket:2 test_hamiltonians[ham_mu_x_prime_enc_unary_dvalues_4-4-4- 346	psf:default test_hamiltonians[ham_mu_x_prime_enc_unary_dvalues_4-4-4- 220	psf:recommended test_hamiltonians[ham_mu_x_prime_enc_unary_dvalues_4-4-4- 163
2026-10-09T11:18:38Z	available_mb=14173	swap_used_mb=0	tket:2 test_hamiltonians[ham_fh-graph-1D-grid-pbc-qubitnodes_Lx- 337	tket:2 test_hamiltonians[ham_graph-2D-triag-pbc-qubitnodes_Lx-19 328	qiskit:3:target test_hamiltonians[ham_mu_y_prime_enc_gray_dvalues_16-16-1 264	tket:2 test_hamiltonians[ham_mu_y_prime_enc_gray_dvalues_16-16-1 114
2026-10-09T11:19:08Z	available_mb=14036	swap_used_mb=0	tket:2 test_hamiltonians[ham_fh-graph-1D-grid-pbc-qubitnodes_Lx- 337	tket:2 test_hamiltonians[ham_graph-2D-triag-pbc-qubitnodes_Lx-19 452	tket:2 test_hamiltonians[ham_ham_JW14-linear] 340	qiskit:3:target test_hamlib_hamiltonians_transpile[ham_mu_y_prime_enc_una 178
2026-10-09T11:19:38Z	available_mb=13989	swap_used_mb=0	tket:2 test_hamiltonians[ham_ham_JW14-linear] 340	tket:2 test_hamlib_hamiltonians_transpile[ham_ham_JW-8] 321	psf:recommended test_hamlib_hamiltonians_transpile[ham_ham_JW-8] 244	qiskit:3:target test_hamlib_hamiltonians_transpile[ham_queen13_13,n-28,ri 227
2026-10-09T11:20:08Z	available_mb=14031	swap_used_mb=0	tket:2 test_hamiltonians[ham_ham_JW14-linear] 340	tket:2 test_hamlib_hamiltonians_transpile[ham_bh_graph-2D-triag- 326	psf:recommended test_hamlib_hamiltonians_transpile[ham_bh_graph-2D-triag- 279	qiskit:1:target test_hamlib_hamiltonians_transpile[ham_reg-4_n-90_rinst-0 254
2026-10-09T11:20:38Z	available_mb=14019	swap_used_mb=0	tket:2 test_hamlib_hamiltonians_transpile[ham_bh_graph-2D-triag- 397	tket:2 test_hamlib_hamiltonians_transpile[ham_reg-4_n-90_rinst-0 374	tket:2 test_hamlib_hamiltonians_transpile[ham_graph-2D-grid-nonp 334	psf:recommended test_hamlib_hamiltonians_transpile[ham_graph-2D-grid-nonp 164
2026-10-09T11:21:08Z	available_mb=14021	swap_used_mb=0	tket:2 test_hamlib_hamiltonians_transpile[ham_dsjc1000.1,n-36,ri 354	tket:2 test_feynman_transpile[barenco_tof_4.qasm] 323	qiskit:1:target test_feynman_transpile[ham15-high.qasm] 243	qiskit:3:target test_feynman_transpile[ham15-high.qasm] 85
2026-10-09T11:21:38Z	available_mb=13948	swap_used_mb=0	tket:2 test_feynman_transpile[ham15-high.qasm] 382	qiskit:3:target test_feynman_transpile[hwb8.qasm] 304	tket:2 test_feynman_transpile[hwb8.qasm] 320	psf:default test_feynman_transpile[hwb8.qasm] 301
2026-10-09T11:22:08Z	available_mb=14076	swap_used_mb=0	tket:2 test_feynman_transpile[hwb8.qasm] 322	psf:recommended test_feynman_transpile[hwb8.qasm] 390	tket:2 test_feynman_transpile[qcla_mod_7.qasm] 335	qiskit:3:target test_feynman_transpile[gf2^9_mult.qasm] 171
2026-10-09T11:22:38Z	available_mb=14159	swap_used_mb=0	tket:2 test_feynman_transpile[hwb8.qasm] 322	tket:2 test_feynman_transpile[mod_adder_1024.qasm] 320	psf:default test_feynman_transpile[mod_adder_1024.qasm] 265	psf:recommended test_feynman_transpile[mod_adder_1024.qasm] 138
