2026-10-10T05:13:07Z	available_mb=13157	swap_used_mb=18	qiskit:2:target test_QASMBench_medium[factor247_n15-all-to-all] 860	qiskit:2:target test_QASMBench_medium[bwt_n21-square] 497	qiskit:2:target test_QASMBench_medium[sat_n11-heavy-hex] 229	qiskit:2:target test_QASMBench_medium[wstate_n27-heavy-hex] 180
2026-10-10T05:13:37Z	available_mb=12742	swap_used_mb=18	qiskit:2:target test_QASMBench_medium[factor247_n15-all-to-all] 562	qiskit:2:target test_QASMBench_medium[bwt_n21-square] 615	qiskit:2:target test_QASMBench_medium[bwt_n21-linear] 835	qiskit:2:target test_QASMBench_large[32-all-to-all] 277
2026-10-10T05:14:07Z	available_mb=13140	swap_used_mb=18	qiskit:2:target test_QASMBench_medium[bwt_n21-square] 387	qiskit:2:target test_QASMBench_medium[bwt_n21-linear] 687	qiskit:2:target test_QASMBench_large[square_root_n45-square] 390	qiskit:2:target test_QASMBench_large[multiplier_n400-square] 573
2026-10-10T05:14:37Z	available_mb=13222	swap_used_mb=18	qiskit:2:target test_QASMBench_medium[bwt_n21-linear] 559	qiskit:2:target test_QASMBench_large[multiplier_n400-square] 589	qiskit:2:target test_QASMBench_large[multiplier_n75-linear] 283	qiskit:2:target test_QASMBench_large[cc_n64-linear] 361
2026-10-10T05:15:07Z	available_mb=13034	swap_used_mb=18	qiskit:2:target test_QASMBench_large[multiplier_n400-square] 697	qiskit:2:target test_hamiltonians[ham_graph-2D-grid-pbc-qubitnodes_Lx-4_L 625	qiskit:2:target test_hamiltonians[ham_ham_JW24-square] 306	qiskit:2:target test_hamiltonians[ham_graph-2D-triag-nonpbc-qubitnodes_Lx 303
2026-10-10T05:15:37Z	available_mb=12945	swap_used_mb=18	qiskit:2:target test_QASMBench_large[multiplier_n400-square] 939	qiskit:2:target test_hamiltonians[ham_ham_JW24-square] 634	qiskit:2:target test_hamiltonians[ham_enc_unary_dvalues_4-4-4-heavy-hex] 313	qiskit:2:target test_hamiltonians[ham_ham_parity12-heavy-hex] 240
2026-10-10T05:16:07Z	available_mb=14147	swap_used_mb=18	qiskit:2:target test_hamlib_hamiltonians_transpile[ham_dsjc1000.1,n-36,ri 243	qiskit:2:target test_hamlib_hamiltonians_transpile[ham_mu_y_prime_enc_una 222	qiskit:2:target test_hamlib_hamiltonians_transpile[ham_mu_z_prime_enc_gra 159	qiskit:2:target test_feynman_transpile[barenco_tof_4.qasm] 15
2026-10-10T05:16:37Z	available_mb=13997	swap_used_mb=18	tket:2 test_QASMBench_small[vqe_uccsd_n6-all-to-all] 318	tket:2 test_QASMBench_small[dnn_n2-all-to-all] 319	qiskit:1:target test_QASMBench_small[qrng_n4-all-to-all] 130	qiskit:3:target test_QASMBench_small[qrng_n4-all-to-all] 128
2026-10-10T05:17:07Z	available_mb=14020	swap_used_mb=18	tket:2 test_QASMBench_small[vqe_uccsd_n8-square] 319	psf:recommended test_QASMBench_small[vqe_uccsd_n8-square] 240	tket:2 test_QASMBench_small[sat_n7-square] 322	psf:default test_QASMBench_small[sat_n7-square] 132
2026-10-10T05:17:37Z	available_mb=13995	swap_used_mb=18	tket:2 test_QASMBench_small[vqe_uccsd_n8-square] 319	tket:2 test_QASMBench_small[hhl_n7-heavy-hex] 318	psf:default test_QASMBench_small[hhl_n7-heavy-hex] 211	psf:recommended test_QASMBench_small[hhl_n7-heavy-hex] 178
2026-10-10T05:18:07Z	available_mb=14087	swap_used_mb=18	tket:2 test_QASMBench_small[toffoli_n3-linear] 183	psf:default test_QASMBench_small[toffoli_n3-linear] 171	psf:recommended test_QASMBench_small[toffoli_n3-linear] 165	qiskit:1:target test_QASMBench_small[dnn_n2-linear] 133
2026-10-10T05:18:37Z	available_mb=14367	swap_used_mb=18	qiskit:3:target test_QASMBench_medium[square_root_n18-all-to-all] 244	tket:2 test_QASMBench_medium[square_root_n18-all-to-all] 216	psf:default test_QASMBench_medium[square_root_n18-all-to-all] 175	psf:recommended test_QASMBench_medium[square_root_n18-all-to-all] 59
2026-10-10T05:19:07Z	available_mb=12111	swap_used_mb=18	qiskit:1:target test_QASMBench_medium[factor247_n15-all-to-all] 642	qiskit:3:target test_QASMBench_medium[factor247_n15-all-to-all] 601	tket:2 test_QASMBench_medium[factor247_n15-all-to-all] 1157	psf:default test_QASMBench_medium[factor247_n15-all-to-all] 708
2026-10-10T05:19:37Z	available_mb=11664	swap_used_mb=18	tket:2 test_QASMBench_medium[factor247_n15-all-to-all] 1134	psf:default test_QASMBench_medium[factor247_n15-all-to-all] 1167	psf:recommended test_QASMBench_medium[factor247_n15-all-to-all] 926	tket:2 test_QASMBench_medium[bigadder_n18-all-to-all] 187
2026-10-10T05:20:07Z	available_mb=11523	swap_used_mb=18	tket:2 test_QASMBench_medium[factor247_n15-all-to-all] 1134	psf:default test_QASMBench_medium[factor247_n15-all-to-all] 877	psf:recommended test_QASMBench_medium[factor247_n15-all-to-all] 1299	tket:2 test_QASMBench_medium[square_root_n18-square] 331
2026-10-10T05:20:37Z	available_mb=12020	swap_used_mb=18	tket:2 test_QASMBench_medium[factor247_n15-all-to-all] 1134	psf:recommended test_QASMBench_medium[factor247_n15-all-to-all] 911	qiskit:1:target test_QASMBench_medium[bwt_n21-square] 635	qiskit:3:target test_QASMBench_medium[bwt_n21-square] 486
2026-10-10T05:21:07Z	available_mb=11573	swap_used_mb=18	tket:2 test_QASMBench_medium[factor247_n15-all-to-all] 1134	qiskit:3:target test_QASMBench_medium[bwt_n21-square] 914	tket:2 test_QASMBench_medium[bwt_n21-square] 996	psf:default test_QASMBench_medium[bwt_n21-square] 642
2026-10-10T05:21:37Z	available_mb=11753	swap_used_mb=18	tket:2 test_QASMBench_medium[factor247_n15-all-to-all] 1134	qiskit:3:target test_QASMBench_medium[bwt_n21-square] 570	tket:2 test_QASMBench_medium[bwt_n21-square] 1048	psf:default test_QASMBench_medium[bwt_n21-square] 816
2026-10-10T05:22:07Z	available_mb=12369	swap_used_mb=18	tket:2 test_QASMBench_medium[factor247_n15-all-to-all] 1134	tket:2 test_QASMBench_medium[bwt_n21-square] 1296	psf:recommended test_QASMBench_medium[bwt_n21-square] 451	qiskit:1:target test_QASMBench_medium[multiply_n13-square] 80
2026-10-10T05:22:37Z	available_mb=11951	swap_used_mb=18	tket:2 test_QASMBench_medium[factor247_n15-all-to-all] 1134	tket:2 test_QASMBench_medium[bwt_n21-square] 1278	psf:recommended test_QASMBench_medium[bwt_n21-square] 704	qiskit:3:target test_QASMBench_medium[dnn_n16-square] 161
2026-10-10T05:23:07Z	available_mb=12625	swap_used_mb=18	tket:2 test_QASMBench_medium[factor247_n15-all-to-all] 1134	tket:2 test_QASMBench_medium[bwt_n21-square] 1278	qiskit:3:target test_QASMBench_medium[gcm_h6-heavy-hex] 169	tket:2 test_QASMBench_medium[gcm_h6-heavy-hex] 9
2026-10-10T05:23:37Z	available_mb=12221	swap_used_mb=18	tket:2 test_QASMBench_medium[factor247_n15-all-to-all] 1134	tket:2 test_QASMBench_medium[bwt_n21-square] 1278	tket:2 test_QASMBench_medium[sat_n11-heavy-hex] 315	psf:default test_QASMBench_medium[sat_n11-heavy-hex] 239
2026-10-10T05:24:07Z	available_mb=12289	swap_used_mb=18	tket:2 test_QASMBench_medium[factor247_n15-all-to-all] 1134	tket:2 test_QASMBench_medium[bwt_n21-square] 1278	tket:2 test_QASMBench_medium[swap_test_n25-linear] 322	qiskit:3:target test_QASMBench_medium[multiplier_n15-linear] 228
2026-10-10T05:24:37Z	available_mb=11282	swap_used_mb=18	tket:2 test_QASMBench_medium[factor247_n15-all-to-all] 1134	tket:2 test_QASMBench_medium[bwt_n21-square] 1278	qiskit:1:target test_QASMBench_medium[bwt_n21-linear] 1108	qiskit:3:target test_QASMBench_medium[bwt_n21-linear] 526
2026-10-10T05:25:07Z	available_mb=11190	swap_used_mb=18	tket:2 test_QASMBench_medium[factor247_n15-all-to-all] 1134	tket:2 test_QASMBench_medium[bwt_n21-square] 1278	qiskit:3:target test_QASMBench_medium[bwt_n21-linear] 1207	tket:2 test_QASMBench_medium[bwt_n21-linear] 509
2026-10-10T05:25:37Z	available_mb=11321	swap_used_mb=18	tket:2 test_QASMBench_medium[factor247_n15-all-to-all] 1134	tket:2 test_QASMBench_medium[bwt_n21-square] 1278	qiskit:3:target test_QASMBench_medium[bwt_n21-linear] 672	tket:2 test_QASMBench_medium[bwt_n21-linear] 1039
2026-10-10T05:26:07Z	available_mb=9761	swap_used_mb=18	tket:2 test_QASMBench_medium[factor247_n15-all-to-all] 1134	tket:2 test_QASMBench_medium[bwt_n21-square] 1278	qiskit:3:target test_QASMBench_medium[bwt_n21-linear] 2173	tket:2 test_QASMBench_medium[bwt_n21-linear] 1050
2026-10-10T05:26:37Z	available_mb=11280	swap_used_mb=18	tket:2 test_QASMBench_medium[factor247_n15-all-to-all] 1134	tket:2 test_QASMBench_medium[bwt_n21-square] 1278	qiskit:3:target test_QASMBench_medium[bwt_n21-linear] 469	tket:2 test_QASMBench_medium[bwt_n21-linear] 1298
2026-10-10T05:27:07Z	available_mb=10279	swap_used_mb=18	tket:2 test_QASMBench_medium[factor247_n15-all-to-all] 1134	tket:2 test_QASMBench_medium[bwt_n21-square] 1278	tket:2 test_QASMBench_medium[bwt_n21-linear] 1266	psf:default test_QASMBench_medium[bwt_n21-linear] 1456
2026-10-10T05:27:37Z	available_mb=10310	swap_used_mb=18	tket:2 test_QASMBench_medium[bwt_n21-square] 1278	tket:2 test_QASMBench_medium[bwt_n21-linear] 1266	psf:default test_QASMBench_medium[bwt_n21-linear] 1706	psf:recommended test_QASMBench_medium[bwt_n21-linear] 673
2026-10-10T05:28:07Z	available_mb=11540	swap_used_mb=18	tket:2 test_QASMBench_medium[bwt_n21-square] 1281	tket:2 test_QASMBench_medium[bwt_n21-linear] 1266	psf:recommended test_QASMBench_medium[bwt_n21-linear] 887	tket:2 test_QASMBench_medium[seca_n11-linear] 191
2026-10-10T05:28:37Z	available_mb=11068	swap_used_mb=18	tket:2 test_QASMBench_medium[bwt_n21-square] 1281	tket:2 test_QASMBench_medium[bwt_n21-linear] 1266	psf:recommended test_QASMBench_medium[bwt_n21-linear] 1445	psf:recommended test_QASMBench_medium[qft_n18-linear] 174
2026-10-10T05:29:07Z	available_mb=12014	swap_used_mb=18	tket:2 test_QASMBench_medium[bwt_n21-square] 1281	tket:2 test_QASMBench_medium[bwt_n21-linear] 1266	tket:2 test_QASMBench_large[adder_n118-all-to-all] 368	tket:2 test_QASMBench_large[cat_n35-all-to-all] 326
2026-10-10T05:29:37Z	available_mb=12414	swap_used_mb=18	tket:2 test_QASMBench_medium[bwt_n21-square] 1281	tket:2 test_QASMBench_medium[bwt_n21-linear] 1266	qiskit:3:target test_QASMBench_large[32-all-to-all] 179	tket:2 test_QASMBench_large[32-all-to-all] 166
2026-10-10T05:30:07Z	available_mb=12314	swap_used_mb=18	tket:2 test_QASMBench_medium[bwt_n21-square] 1281	tket:2 test_QASMBench_medium[bwt_n21-linear] 1266	tket:2 test_QASMBench_large[32-all-to-all] 337	tket:2 test_QASMBench_large[adder_n28-all-to-all] 196
2026-10-10T05:30:37Z	available_mb=12004	swap_used_mb=18	tket:2 test_QASMBench_medium[bwt_n21-square] 1281	tket:2 test_QASMBench_medium[bwt_n21-linear] 1266	qiskit:3:target test_QASMBench_large[square_root_n45-square] 341	tket:2 test_QASMBench_large[square_root_n45-square] 508
2026-10-10T05:31:07Z	available_mb=11685	swap_used_mb=18	tket:2 test_QASMBench_medium[bwt_n21-square] 1281	tket:2 test_QASMBench_medium[bwt_n21-linear] 1266	tket:2 test_QASMBench_large[square_root_n45-square] 568	psf:default test_QASMBench_large[square_root_n45-square] 590
2026-10-10T05:31:37Z	available_mb=11851	swap_used_mb=18	tket:2 test_QASMBench_medium[bwt_n21-square] 1281	tket:2 test_QASMBench_medium[bwt_n21-linear] 1262	tket:2 test_QASMBench_large[square_root_n45-square] 556	psf:recommended test_QASMBench_large[square_root_n45-square] 435
2026-10-10T05:32:07Z	available_mb=11544	swap_used_mb=18	tket:2 test_QASMBench_medium[bwt_n21-square] 1281	tket:2 test_QASMBench_medium[bwt_n21-linear] 1262	tket:2 test_QASMBench_large[square_root_n45-square] 627	qiskit:1:target test_QASMBench_large[multiplier_n400-square] 727
2026-10-10T05:32:37Z	available_mb=12189	swap_used_mb=18	tket:2 test_QASMBench_medium[bwt_n21-square] 1281	tket:2 test_QASMBench_medium[bwt_n21-linear] 1262	tket:2 test_QASMBench_large[square_root_n45-square] 570	qiskit:3:target test_QASMBench_large[multiplier_n400-square] 161
2026-10-10T05:33:07Z	available_mb=11823	swap_used_mb=18	tket:2 test_QASMBench_medium[bwt_n21-square] 1281	tket:2 test_QASMBench_medium[bwt_n21-linear] 1262	tket:2 test_QASMBench_large[square_root_n45-square] 570	qiskit:3:target test_QASMBench_large[multiplier_n400-square] 561
2026-10-10T05:33:37Z	available_mb=10992	swap_used_mb=18	tket:2 test_QASMBench_medium[bwt_n21-square] 1281	tket:2 test_QASMBench_medium[bwt_n21-linear] 1262	tket:2 test_QASMBench_large[square_root_n45-square] 570	qiskit:3:target test_QASMBench_large[multiplier_n400-square] 1340
2026-10-10T05:34:07Z	available_mb=11484	swap_used_mb=18	tket:2 test_QASMBench_medium[bwt_n21-square] 1359	tket:2 test_QASMBench_medium[bwt_n21-linear] 1262	tket:2 test_QASMBench_large[square_root_n45-square] 570	qiskit:3:target test_QASMBench_large[multiplier_n400-square] 685
2026-10-10T05:34:37Z	available_mb=11562	swap_used_mb=18	tket:2 test_QASMBench_medium[bwt_n21-square] 1359	tket:2 test_QASMBench_medium[bwt_n21-linear] 1262	tket:2 test_QASMBench_large[square_root_n45-square] 570	qiskit:3:target test_QASMBench_large[multiplier_n400-square] 692
2026-10-10T05:35:07Z	available_mb=10802	swap_used_mb=18	tket:2 test_QASMBench_medium[bwt_n21-linear] 1265	tket:2 test_QASMBench_large[square_root_n45-square] 570	qiskit:3:target test_QASMBench_large[multiplier_n400-square] 1845	tket:2 test_QASMBench_large[multiplier_n400-square] 934
2026-10-10T05:35:37Z	available_mb=12125	swap_used_mb=18	tket:2 test_QASMBench_medium[bwt_n21-linear] 1265	tket:2 test_QASMBench_large[square_root_n45-square] 570	tket:2 test_QASMBench_large[multiplier_n400-square] 1003	psf:default test_QASMBench_large[multiplier_n400-square] 449
2026-10-10T05:36:07Z	available_mb=10882	swap_used_mb=18	tket:2 test_QASMBench_medium[bwt_n21-linear] 1265	tket:2 test_QASMBench_large[square_root_n45-square] 570	tket:2 test_QASMBench_large[multiplier_n400-square] 1266	psf:default test_QASMBench_large[multiplier_n400-square] 1461
2026-10-10T05:36:37Z	available_mb=10770	swap_used_mb=18	tket:2 test_QASMBench_medium[bwt_n21-linear] 1265	tket:2 test_QASMBench_large[square_root_n45-square] 570	tket:2 test_QASMBench_large[multiplier_n400-square] 1270	psf:default test_QASMBench_large[multiplier_n400-square] 1499
2026-10-10T05:37:07Z	available_mb=11140	swap_used_mb=18	tket:2 test_QASMBench_medium[bwt_n21-linear] 1265	tket:2 test_QASMBench_large[square_root_n45-square] 570	tket:2 test_QASMBench_large[multiplier_n400-square] 1270	psf:default test_QASMBench_large[multiplier_n400-square] 1148
2026-10-10T05:37:37Z	available_mb=10590	swap_used_mb=18	tket:2 test_QASMBench_medium[bwt_n21-linear] 1265	tket:2 test_QASMBench_large[square_root_n45-square] 570	tket:2 test_QASMBench_large[multiplier_n400-square] 1270	psf:default test_QASMBench_large[multiplier_n400-square] 1675
2026-10-10T05:38:07Z	available_mb=11911	swap_used_mb=18	tket:2 test_QASMBench_medium[bwt_n21-linear] 1265	tket:2 test_QASMBench_large[square_root_n45-square] 570	tket:2 test_QASMBench_large[multiplier_n400-square] 1270	psf:recommended test_QASMBench_large[multiplier_n400-square] 381
2026-10-10T05:38:37Z	available_mb=11192	swap_used_mb=18	tket:2 test_QASMBench_medium[bwt_n21-linear] 1361	tket:2 test_QASMBench_large[multiplier_n400-square] 1010	psf:recommended test_QASMBench_large[multiplier_n400-square] 1568	psf:default test_QASMBench_large[knn_n31-square] 164
2026-10-10T05:39:07Z	available_mb=11222	swap_used_mb=18	tket:2 test_QASMBench_medium[bwt_n21-linear] 1361	tket:2 test_QASMBench_large[multiplier_n400-square] 1010	psf:recommended test_QASMBench_large[multiplier_n400-square] 1506	qiskit:3:target test_QASMBench_large[bv_n280-square] 227
2026-10-10T05:39:37Z	available_mb=11810	swap_used_mb=18	tket:2 test_QASMBench_medium[bwt_n21-linear] 1368	tket:2 test_QASMBench_large[multiplier_n400-square] 1013	psf:recommended test_QASMBench_large[multiplier_n400-square] 1071	tket:2 test_QASMBench_large[bv_n280-square] 55
2026-10-10T05:40:07Z	available_mb=11151	swap_used_mb=18	tket:2 test_QASMBench_medium[bwt_n21-linear] 1382	tket:2 test_QASMBench_large[multiplier_n400-square] 1014	psf:recommended test_QASMBench_large[multiplier_n400-square] 1252	tket:2 test_QASMBench_large[adder_n28-square] 313
2026-10-10T05:40:37Z	available_mb=12387	swap_used_mb=18	tket:2 test_QASMBench_medium[bwt_n21-linear] 1395	tket:2 test_QASMBench_large[multiplier_n400-square] 1035	qiskit:3:target test_QASMBench_large[bv_n140-square] 230	tket:2 test_QASMBench_large[bv_n140-square] 317
2026-10-10T05:41:07Z	available_mb=12428	swap_used_mb=18	tket:2 test_QASMBench_medium[bwt_n21-linear] 1408	tket:2 test_QASMBench_large[multiplier_n400-square] 1051	psf:recommended test_QASMBench_large[bv_n30-heavy-hex] 255	qiskit:1:target test_QASMBench_large[cat_n65-heavy-hex] 171
2026-10-10T05:41:37Z	available_mb=12344	swap_used_mb=18	tket:2 test_QASMBench_medium[bwt_n21-linear] 1421	tket:2 test_QASMBench_large[multiplier_n400-square] 1051	tket:2 test_QASMBench_large[swap_test_n361-heavy-hex] 321	psf:recommended test_QASMBench_large[swap_test_n361-heavy-hex] 244
2026-10-10T05:42:07Z	available_mb=13406	swap_used_mb=18	tket:2 test_QASMBench_large[multiplier_n400-square] 1081	tket:2 test_QASMBench_large[swap_test_n361-heavy-hex] 370	tket:2 test_QASMBench_large[bv_n280-heavy-hex] 333	psf:recommended test_QASMBench_large[bv_n280-heavy-hex] 251
2026-10-10T05:42:37Z	available_mb=13250	swap_used_mb=18	tket:2 test_QASMBench_large[multiplier_n400-square] 1086	tket:2 test_QASMBench_large[multiplier_n75-linear] 320	tket:2 test_QASMBench_large[ising_n42-linear] 321	qiskit:1:target test_QASMBench_large[cc_n64-linear] 304
2026-10-10T05:43:07Z	available_mb=13161	swap_used_mb=18	tket:2 test_QASMBench_large[multiplier_n400-square] 1194	tket:2 test_QASMBench_large[multiplier_n75-linear] 320	tket:2 test_QASMBench_large[cc_n64-linear] 368	tket:2 test_QASMBench_large[knn_n31-linear] 321
2026-10-10T05:43:37Z	available_mb=13156	swap_used_mb=18	tket:2 test_QASMBench_large[multiplier_n400-square] 1257	tket:2 test_QASMBench_large[adder_n118-linear] 334	qiskit:3:target test_hamiltonians[ham_bh_graph-1D-grid-nonpbc-qubitnodes_ 247	tket:2 test_hamiltonians[ham_bh_graph-1D-grid-nonpbc-qubitnodes_ 214
2026-10-10T05:44:07Z	available_mb=12991	swap_used_mb=18	tket:2 test_QASMBench_large[multiplier_n400-square] 1327	tket:2 test_hamiltonians[ham_bh_graph-1D-grid-nonpbc-qubitnodes_ 340	tket:2 test_hamiltonians[ham_will199gpia,n-60,rinst-8-all-to-all 365	psf:recommended test_hamiltonians[ham_will199gpia,n-60,rinst-8-all-to-all 284
2026-10-10T05:44:37Z	available_mb=12905	swap_used_mb=18	tket:2 test_QASMBench_large[multiplier_n400-square] 1403	tket:2 test_hamiltonians[ham_ham_parity10-all-to-all] 317	tket:2 test_hamiltonians[ham_ham_BK-14-all-to-all] 371	psf:default test_hamiltonians[ham_ham_BK-14-all-to-all] 305
2026-10-10T05:45:07Z	available_mb=12702	swap_used_mb=18	tket:2 test_QASMBench_large[multiplier_n400-square] 1506	tket:2 test_hamiltonians[ham_ham_parity10-all-to-all] 343	tket:2 test_hamiltonians[ham_ham_BK-14-all-to-all] 372	qiskit:1:target test_hamiltonians[ham_graph-2D-grid-pbc-qubitnodes_Lx-4_L 461
2026-10-10T05:45:37Z	available_mb=11718	swap_used_mb=18	tket:2 test_QASMBench_large[multiplier_n400-square] 1703	tket:2 test_hamiltonians[ham_ham_BK-14-all-to-all] 372	qiskit:3:target test_hamiltonians[ham_graph-2D-grid-pbc-qubitnodes_Lx-4_L 635	tket:2 test_hamiltonians[ham_graph-2D-grid-pbc-qubitnodes_Lx-4_L 1015
2026-10-10T05:46:07Z	available_mb=11324	swap_used_mb=18	tket:2 test_QASMBench_large[multiplier_n400-square] 1782	tket:2 test_hamiltonians[ham_ham_BK-14-all-to-all] 372	tket:2 test_hamiltonians[ham_graph-2D-grid-pbc-qubitnodes_Lx-4_L 1320	psf:default test_hamiltonians[ham_graph-2D-grid-pbc-qubitnodes_Lx-4_L 633
2026-10-10T05:46:37Z	available_mb=11393	swap_used_mb=18	tket:2 test_QASMBench_large[multiplier_n400-square] 1851	tket:2 test_hamiltonians[ham_ham_BK-14-all-to-all] 372	tket:2 test_hamiltonians[ham_graph-2D-grid-pbc-qubitnodes_Lx-4_L 1183	psf:recommended test_hamiltonians[ham_graph-2D-grid-pbc-qubitnodes_Lx-4_L 642
2026-10-10T05:47:07Z	available_mb=11547	swap_used_mb=18	tket:2 test_QASMBench_large[multiplier_n400-square] 1917	tket:2 test_hamiltonians[ham_ham_BK-14-all-to-all] 372	tket:2 test_hamiltonians[ham_graph-2D-grid-pbc-qubitnodes_Lx-4_L 1327	tket:2 test_hamiltonians[ham_bh_graph-3D-grid-nonpbc-qubitnodes_ 338
2026-10-10T05:47:37Z	available_mb=12332	swap_used_mb=18	tket:2 test_QASMBench_large[multiplier_n400-square] 1979	tket:2 test_hamiltonians[ham_ham_BK-14-all-to-all] 372	tket:2 test_hamiltonians[ham_mu_y_prime_enc_stdbinary_dvalues_4- 324	psf:default test_hamiltonians[ham_mu_y_prime_enc_stdbinary_dvalues_4- 269
2026-10-10T05:48:07Z	available_mb=12478	swap_used_mb=18	tket:2 test_QASMBench_large[multiplier_n400-square] 2039	tket:2 test_hamiltonians[ham_ham_JW10-square] 317	qiskit:3:target test_hamiltonians[ham_bh_graph-3D-grid-nonpbc-qubitnodes_ 258	tket:2 test_hamiltonians[ham_bh_graph-3D-grid-nonpbc-qubitnodes_ 134
2026-10-10T05:48:37Z	available_mb=12463	swap_used_mb=18	tket:2 test_QASMBench_large[multiplier_n400-square] 1789	tket:2 test_hamiltonians[ham_ham_JW10-square] 348	tket:2 test_hamiltonians[ham_bh_graph-3D-grid-nonpbc-qubitnodes_ 335	qiskit:1:target test_hamiltonians[ham_ham_JW24-square] 496
2026-10-10T05:49:07Z	available_mb=11232	swap_used_mb=18	tket:2 test_QASMBench_large[multiplier_n400-square] 1789	qiskit:3:target test_hamiltonians[ham_ham_JW24-square] 549	tket:2 test_hamiltonians[ham_ham_JW24-square] 1095	psf:default test_hamiltonians[ham_ham_JW24-square] 604
2026-10-10T05:49:37Z	available_mb=11056	swap_used_mb=18	tket:2 test_QASMBench_large[multiplier_n400-square] 1789	qiskit:3:target test_hamiltonians[ham_ham_JW24-square] 634	tket:2 test_hamiltonians[ham_ham_JW24-square] 1110	psf:default test_hamiltonians[ham_ham_JW24-square] 667
2026-10-10T05:50:07Z	available_mb=11733	swap_used_mb=18	tket:2 test_QASMBench_large[multiplier_n400-square] 1789	tket:2 test_hamiltonians[ham_ham_JW24-square] 1100	psf:recommended test_hamiltonians[ham_ham_JW24-square] 446	qiskit:3:target test_hamiltonians[ham_tsp_rand-002_Ncity-4_enc-stdbinary- 180
2026-10-10T05:50:37Z	available_mb=11327	swap_used_mb=18	tket:2 test_QASMBench_large[multiplier_n400-square] 1789	tket:2 test_hamiltonians[ham_ham_JW24-square] 1100	psf:recommended test_hamiltonians[ham_ham_JW24-square] 662	qiskit:3:target test_hamiltonians[ham_graph-2D-triag-nonpbc-qubitnodes_Lx 338
2026-10-10T05:51:07Z	available_mb=12187	swap_used_mb=18	tket:2 test_QASMBench_large[multiplier_n400-square] 1231	tket:2 test_hamiltonians[ham_ham_JW24-square] 1104	qiskit:3:target test_hamiltonians[ham_graph-2D-triag-nonpbc-qubitnodes_Lx 335	tket:2 test_hamiltonians[ham_graph-2D-triag-nonpbc-qubitnodes_Lx 578
2026-10-10T05:51:37Z	available_mb=12245	swap_used_mb=18	tket:2 test_QASMBench_large[multiplier_n400-square] 1231	tket:2 test_hamiltonians[ham_ham_JW24-square] 1104	qiskit:3:target test_hamiltonians[ham_graph-2D-triag-nonpbc-qubitnodes_Lx 348	tket:2 test_hamiltonians[ham_graph-2D-triag-nonpbc-qubitnodes_Lx 578
2026-10-10T05:52:07Z	available_mb=12120	swap_used_mb=18	tket:2 test_QASMBench_large[multiplier_n400-square] 1231	tket:2 test_hamiltonians[ham_ham_JW24-square] 1110	tket:2 test_hamiltonians[ham_graph-2D-triag-nonpbc-qubitnodes_Lx 578	psf:recommended test_hamiltonians[ham_graph-2D-triag-nonpbc-qubitnodes_Lx 295
2026-10-10T05:52:37Z	available_mb=12205	swap_used_mb=18	tket:2 test_QASMBench_large[multiplier_n400-square] 1231	tket:2 test_hamiltonians[ham_ham_JW24-square] 1110	tket:2 test_hamiltonians[ham_graph-2D-triag-nonpbc-qubitnodes_Lx 578	tket:2 test_hamiltonians[ham_ham_parity-14-heavy-hex] 335
2026-10-10T05:53:07Z	available_mb=12576	swap_used_mb=18	tket:2 test_QASMBench_large[multiplier_n400-square] 1231	tket:2 test_hamiltonians[ham_ham_JW24-square] 1124	tket:2 test_hamiltonians[ham_ham_parity-14-heavy-hex] 335	psf:default test_hamiltonians[ham_ham_parity-14-heavy-hex] 260
2026-10-10T05:53:37Z	available_mb=12724	swap_used_mb=18	tket:2 test_QASMBench_large[multiplier_n400-square] 1035	tket:2 test_hamiltonians[ham_ham_JW24-square] 1124	tket:2 test_hamiltonians[ham_ham_parity-14-heavy-hex] 335	qiskit:1:target test_hamiltonians[ham_enc_unary_dvalues_4-4-4-heavy-hex] 271
2026-10-10T05:54:07Z	available_mb=12617	swap_used_mb=18	tket:2 test_QASMBench_large[multiplier_n400-square] 1035	tket:2 test_hamiltonians[ham_ham_JW24-square] 1124	qiskit:3:target test_hamiltonians[ham_enc_unary_dvalues_4-4-4-heavy-hex] 307	tket:2 test_hamiltonians[ham_enc_unary_dvalues_4-4-4-heavy-hex] 391
2026-10-10T05:54:37Z	available_mb=12770	swap_used_mb=18	tket:2 test_QASMBench_large[multiplier_n400-square] 1035	tket:2 test_hamiltonians[ham_ham_JW24-square] 1094	tket:2 test_hamiltonians[ham_enc_unary_dvalues_4-4-4-heavy-hex] 393	psf:recommended test_hamiltonians[ham_enc_unary_dvalues_4-4-4-heavy-hex] 134
2026-10-10T05:55:07Z	available_mb=12622	swap_used_mb=18	tket:2 test_QASMBench_large[multiplier_n400-square] 1035	tket:2 test_hamiltonians[ham_ham_JW24-square] 1094	tket:2 test_hamiltonians[ham_enc_unary_dvalues_4-4-4-heavy-hex] 393	qiskit:3:target test_hamiltonians[ham_graph-2D-grid-nonpbc-qubitnodes_Lx- 212
2026-10-10T05:55:37Z	available_mb=12685	swap_used_mb=18	tket:2 test_QASMBench_large[multiplier_n400-square] 1035	tket:2 test_hamiltonians[ham_ham_JW24-square] 1098	tket:2 test_hamiltonians[ham_enc_unary_dvalues_4-4-4-heavy-hex] 393	tket:2 test_hamiltonians[ham_graph-2D-grid-nonpbc-qubitnodes_Lx- 343
2026-10-10T05:56:07Z	available_mb=12613	swap_used_mb=18	tket:2 test_QASMBench_large[multiplier_n400-square] 1035	tket:2 test_hamiltonians[ham_ham_JW24-square] 1122	tket:2 test_hamiltonians[ham_enc_unary_dvalues_4-4-4-heavy-hex] 393	qiskit:1:target test_hamiltonians[ham_mu_x_prime_enc_unary_dvalues_4-4-4- 258
2026-10-10T05:56:37Z	available_mb=12628	swap_used_mb=18	tket:2 test_QASMBench_large[multiplier_n400-square] 1035	tket:2 test_hamiltonians[ham_ham_JW24-square] 1122	tket:2 test_hamiltonians[ham_enc_unary_dvalues_4-4-4-heavy-hex] 393	qiskit:3:target test_hamiltonians[ham_ham_parity12-heavy-hex] 269
2026-10-10T05:57:07Z	available_mb=12630	swap_used_mb=18	tket:2 test_QASMBench_large[multiplier_n400-square] 1035	tket:2 test_hamiltonians[ham_ham_JW24-square] 1122	tket:2 test_hamiltonians[ham_ham_parity12-heavy-hex] 337	psf:recommended test_hamiltonians[ham_ham_parity12-heavy-hex] 302
2026-10-10T05:57:38Z	available_mb=12627	swap_used_mb=18	tket:2 test_QASMBench_large[multiplier_n400-square] 1035	tket:2 test_hamiltonians[ham_ham_JW24-square] 1122	tket:2 test_hamiltonians[ham_ham_parity12-heavy-hex] 337	tket:2 test_hamiltonians[ham_fh-graph-1D-grid-pbc-qubitnodes_Lx- 333
2026-10-10T05:58:08Z	available_mb=12746	swap_used_mb=18	tket:2 test_QASMBench_large[multiplier_n400-square] 1035	tket:2 test_hamiltonians[ham_ham_JW24-square] 1122	tket:2 test_hamiltonians[ham_ham_parity12-heavy-hex] 337	tket:2 test_hamiltonians[ham_fh-graph-1D-grid-pbc-qubitnodes_Lx- 334
2026-10-10T05:58:38Z	available_mb=14084	swap_used_mb=18	tket:2 test_hamiltonians[ham_fh-graph-1D-grid-pbc-qubitnodes_Lx- 334	qiskit:3:target test_hamiltonians[ham_tsp_prob-ts225_Ncity-5_enc-unary-li 234	tket:2 test_hamiltonians[ham_tsp_prob-ts225_Ncity-5_enc-unary-li 213	psf:default test_hamiltonians[ham_tsp_prob-ts225_Ncity-5_enc-unary-li 173
2026-10-10T05:59:08Z	available_mb=14125	swap_used_mb=18	tket:2 test_hamiltonians[ham_fh-graph-1D-grid-pbc-qubitnodes_Lx- 335	tket:2 test_hamiltonians[ham_graph-2D-triag-pbc-qubitnodes_Lx-19 369	tket:2 test_hamiltonians[ham_mu_y_prime_enc_gray_dvalues_16-16-1 319	qiskit:1:target test_hamiltonians[ham_ham_JW14-linear] 50
2026-10-10T05:59:38Z	available_mb=13742	swap_used_mb=18	tket:2 test_hamiltonians[ham_fh-graph-1D-grid-pbc-qubitnodes_Lx- 335	tket:2 test_hamiltonians[ham_graph-2D-triag-pbc-qubitnodes_Lx-19 574	tket:2 test_hamiltonians[ham_ham_JW14-linear] 339	tket:2 test_hamlib_hamiltonians_transpile[ham_mu_y_prime_enc_una 330
2026-10-10T06:00:08Z	available_mb=14112	swap_used_mb=18	tket:2 test_hamiltonians[ham_ham_JW14-linear] 339	tket:2 test_hamlib_hamiltonians_transpile[ham_ham_JW-8] 344	tket:2 test_hamlib_hamiltonians_transpile[ham_queen13_13,n-28,ri 322	psf:recommended test_hamlib_hamiltonians_transpile[ham_queen13_13,n-28,ri 81
2026-10-10T06:00:38Z	available_mb=14013	swap_used_mb=18	tket:2 test_hamiltonians[ham_ham_JW14-linear] 339	tket:2 test_hamlib_hamiltonians_transpile[ham_bh_graph-2D-triag- 324	tket:2 test_hamlib_hamiltonians_transpile[ham_reg-4_n-90_rinst-0 323	psf:default test_hamlib_hamiltonians_transpile[ham_reg-4_n-90_rinst-0 220
2026-10-10T06:01:08Z	available_mb=13913	swap_used_mb=18	tket:2 test_hamlib_hamiltonians_transpile[ham_reg-4_n-90_rinst-0 363	tket:2 test_hamlib_hamiltonians_transpile[ham_dsjc1000.1,n-36,ri 321	psf:default test_hamlib_hamiltonians_transpile[ham_dsjc1000.1,n-36,ri 278	psf:recommended test_hamlib_hamiltonians_transpile[ham_dsjc1000.1,n-36,ri 271
2026-10-10T06:01:38Z	available_mb=13904	swap_used_mb=18	tket:2 test_feynman_transpile[ham15-high.qasm] 320	tket:2 test_feynman_transpile[adder_8.qasm] 319	psf:default test_feynman_transpile[adder_8.qasm] 232	psf:recommended test_feynman_transpile[adder_8.qasm] 272
2026-10-10T06:02:08Z	available_mb=13923	swap_used_mb=18	qiskit:3:target test_feynman_transpile[hwb8.qasm] 347	tket:2 test_feynman_transpile[hwb8.qasm] 323	psf:default test_feynman_transpile[hwb8.qasm] 353	psf:recommended test_feynman_transpile[hwb8.qasm] 339
2026-10-10T06:02:38Z	available_mb=14261	swap_used_mb=18	tket:2 test_feynman_transpile[hwb8.qasm] 323	tket:2 test_feynman_transpile[gf2^9_mult.qasm] 335	tket:2 test_feynman_transpile[gf2^5_mult.qasm] 253	psf:default test_feynman_transpile[gf2^5_mult.qasm] 184
2026-10-10T06:03:08Z	available_mb=14855	swap_used_mb=18	tket:2 test_feynman_transpile[mod_adder_1024.qasm] 370
